{
  "tests": [
    {
      "name": "Test 1",
      "setup": "",
      "run": "make test1",
      "input": "",
      "output": "",
      "comparison": "included",
      "timeout": 10,
      "points": 25
    },
    {
      "name": "Test 2",
      "setup": "",
      "run": "make test2",
      "input": "",
      "output": "",
      "comparison": "included",
      "timeout": 10,
      "points": 25
    },
    {
      "name": "Test 3",
      "setup": "",
      "run": "make test3",
      "input": "",
      "output": "",
      "comparison": "included",
      "timeout": 10,
      "points": 25
    },
    {
      "name": "Test 4",
      "setup": "",
      "run": "make test4",
      "input": "",
      "output": "",
      "comparison": "included",
      "timeout": 10,
      "points": 25
    }
  ]
}